{"is_source_file": true, "format": "HTML", "description": "HTML and embedded JavaScript for a web-based database visualizer interface with sidebar navigation, dynamic data loading, and interactive data tables.", "external_files": [], "external_methods": ["fetchData", "loadDatabases", "refreshDatabases", "toggleDatabase", "loadTables", "loadTableData", "renderTable", "renderCell", "expandCell", "setActiveState", "showLoading", "showError", "showEmptyState"], "published": [], "classes": [], "methods": [{"name": "loadDatabases", "description": "Loads list of databases from API and populates sidebar."}, {"name": "refreshDatabases", "description": "Refreshes database list and resets current selection."}, {"name": "toggleDatabase", "description": "Toggles display of tables for a selected database."}, {"name": "loadTables", "description": "Loads tables for a selected database."}, {"name": "loadTableData", "description": "Fetches and displays data for a selected table."}, {"name": "renderTable", "description": "Renders data into an HTML table with dynamic column headers."}, {"name": "renderCell", "description": "Creates a table cell with data, handling long text and objects."}, {"name": "expandCell", "description": "Expands or collapses cell content for long text or objects."}], "calls": ["fetchData('/api/databases')", "fetchData('/api/${db}/tables')", "fetchData(`/api/${db}/tables/${tableName}/data?limit=50`)"], "search-terms": ["HTML database viewer", "dynamic table rendering", "interactive data table", "API database fetch", "expandable table cell"], "state": 2, "file_id": 3, "knowledge_revision": 14, "git_revision": "f1ca7f5c374c07d7a8581f3aebd1ee9ce54e226d", "hash": "ee63333a4841bf025439c755a74c9881", "format-version": 4, "code-base-name": "communication_database", "filename": "communication_database/db_visualizer/public/index.html", "revision_history": [{"14": "f1ca7f5c374c07d7a8581f3aebd1ee9ce54e226d"}]}