{"is_source_file": true, "format": "bash", "description": "A shell script that detects which database (SQLite, PostgreSQL, MySQL, MongoDB) is running and performs a backup accordingly. It checks for database presence and then executes suitable dump commands, saving backups to specific files.", "external_files": ["/usr/lib/postgresql/", "/var/run/mysqld/mysqld.sock"], "external_methods": ["ls", "sudo", "pg_isready", "pg_dump", "mysqladmin", "mysql", "mysqldump", "mongosh", "mongodump"], "published": [], "classes": [], "methods": [], "calls": ["ls", "echo", "cp", "pg_isready", "pg_dump", "mysqladmin", "mysql", "mysqldump", "mongosh", "mongodump"], "search-terms": ["backup_db.sh", "database backup script", "SQLite backup", "PostgreSQL backup", "MySQL backup", "MongoDB backup", "detect database type", "database dump commands", "database detection"], "state": 2, "file_id": 7, "knowledge_revision": 13, "git_revision": "f1ca7f5c374c07d7a8581f3aebd1ee9ce54e226d", "hash": "7af9aa35fa4940f934d83f6e2621b732", "format-version": 4, "code-base-name": "communication_database", "filename": "communication_database/backup_db.sh", "revision_history": [{"13": "f1ca7f5c374c07d7a8581f3aebd1ee9ce54e226d"}]}