{"is_source_file": true, "format": "bash", "description": "This is a shell script for initializing and managing a PostgreSQL server setup and configuration, including database and user creation, permissions, and environment setup.", "external_files": ["/usr/lib/postgresql/*/bin/pg_isready", "/usr/lib/postgresql/*/bin/initdb", "/usr/lib/postgresql/*/bin/psql", "/usr/lib/postgresql/*/bin/postgres", "/usr/lib/postgresql/*/bin/createdb"], "external_methods": ["sudo -u postgres pg_isready", "sudo -u postgres initdb", "sudo -u postgres psql", "sudo -u postgres postgres", "sudo -u postgres createdb"], "published": ["db_connection.txt", "db_visualizer/postgres.env"], "classes": [], "methods": [], "calls": ["ls", "echo", "sudo -u postgres pg_isready", "sudo -u postgres psql", "sudo -u postgres initdb", "sudo -u postgres postgres", "sleep", "pgrep", "cat", "exit"], "search-terms": ["startup.sh", "PostgreSQL setup script", "database initialization", "permissions configuration", "shell script"], "state": 2, "file_id": 5, "knowledge_revision": 12, "git_revision": "f1ca7f5c374c07d7a8581f3aebd1ee9ce54e226d", "hash": "fa2aa67ea0a7c72f7c0958282f15a864", "format-version": 4, "code-base-name": "communication_database", "filename": "communication_database/startup.sh", "revision_history": [{"12": "f1ca7f5c374c07d7a8581f3aebd1ee9ce54e226d"}]}