{"is_source_file": false, "format": "", "description": "", "external_files": [], "external_methods": [], "published": [], "classes": [], "methods": [], "calls": [], "search-terms": [], "state": 2, "file_id": 4, "knowledge_revision": 10, "git_revision": "f1ca7f5c374c07d7a8581f3aebd1ee9ce54e226d", "hash": "0c9f36dfd1a6dee9fa952c06ab7d9563", "format-version": 4, "code-base-name": "communication_database", "filename": "communication_database/db_visualizer/package.json", "revision_history": [{"10": "f1ca7f5c374c07d7a8581f3aebd1ee9ce54e226d"}]}