{"is_source_file": true, "format": "bash", "description": "A shell script that detects backup files and restores the corresponding database (SQLite, PostgreSQL, MySQL, MongoDB) accordingly.", "external_files": ["database_backup.db", "database_backup.sql", "database_backup.archive"], "external_methods": ["ls", "cp", "sudo -u postgres pg_isready", "psql", "mysqladmin", "mysql", "mongosh", "mongorestore"], "published": [], "classes": [], "methods": [], "calls": ["ls", "cp", "sudo -u postgres pg_isready", "psql", "mysqladmin ping", "mysql", "mongosh --port", "mongorestore --port"], "search-terms": ["restore_db.sh", "database_backup.db", "database_backup.sql", "database_backup.archive", "SQLite", "PostgreSQL", "MySQL", "MongoDB", "restore script", "database restoration"], "state": 2, "file_id": 6, "knowledge_revision": 11, "git_revision": "f1ca7f5c374c07d7a8581f3aebd1ee9ce54e226d", "hash": "67505395c0df4c9c001ab8f47571f3fb", "format-version": 4, "code-base-name": "communication_database", "filename": "communication_database/restore_db.sh", "revision_history": [{"11": "f1ca7f5c374c07d7a8581f3aebd1ee9ce54e226d"}]}