{"is_source_file": false, "format": "", "description": "", "external_files": [], "external_methods": [], "published": [], "classes": [], "methods": [], "calls": [], "search-terms": [], "state": 2, "file_id": 1, "knowledge_revision": 9, "git_revision": "0772aa3d73398f1eb43814ff31fbfcb7bcc02b49", "hash": "78b08563f6834f2f13c8fe8af335b980", "format-version": 4, "code-base-name": "communication_database", "filename": "README.md", "revision_history": [{"9": "0772aa3d73398f1eb43814ff31fbfcb7bcc02b49"}]}